{
  "ABIRoot": {
    "kind": "Root",
    "name": "XIBLoadable_macOS",
    "printedName": "XIBLoadable_macOS",
    "children": [
      {
        "kind": "Import",
        "name": "AppKit",
        "printedName": "AppKit",
        "declKind": "Import",
        "moduleName": "XIBLoadable_macOS",
        "declAttributes": [
          "RawDocComment"
        ]
      },
      {
        "kind": "TypeDecl",
        "name": "XIBLoadable",
        "printedName": "XIBLoadable",
        "children": [
          {
            "kind": "Function",
            "name": "load",
            "printedName": "load(from:)",
            "children": [
              {
                "kind": "TypeNominal",
                "name": "Bool",
                "printedName": "Swift.Bool",
                "usr": "s:Sb"
              },
              {
                "kind": "TypeNominal",
                "name": "String",
                "printedName": "Swift.String",
                "usr": "s:SS"
              }
            ],
            "declKind": "Func",
            "usr": "s:17XIBLoadable_macOS0A0P4load4fromSbSS_tF",
            "mangledName": "$s17XIBLoadable_macOS0A0P4load4fromSbSS_tF",
            "moduleName": "XIBLoadable_macOS",
            "genericSig": "<τ_0_0 where τ_0_0 : XIBLoadable_macOS.XIBLoadable>",
            "sugared_genericSig": "<Self where Self : XIBLoadable_macOS.XIBLoadable>",
            "protocolReq": true,
            "reqNewWitnessTableEntry": true,
            "funcSelfKind": "NonMutating"
          },
          {
            "kind": "Function",
            "name": "add",
            "printedName": "add(to:)",
            "children": [
              {
                "kind": "TypeNominal",
                "name": "Void",
                "printedName": "()"
              },
              {
                "kind": "TypeNominal",
                "name": "NSView",
                "printedName": "AppKit.NSView",
                "usr": "c:objc(cs)NSView"
              }
            ],
            "declKind": "Func",
            "usr": "s:17XIBLoadable_macOS0A0P3add2toySo6NSViewC_tF",
            "mangledName": "$s17XIBLoadable_macOS0A0P3add2toySo6NSViewC_tF",
            "moduleName": "XIBLoadable_macOS",
            "genericSig": "<τ_0_0 where τ_0_0 : XIBLoadable_macOS.XIBLoadable>",
            "sugared_genericSig": "<Self where Self : XIBLoadable_macOS.XIBLoadable>",
            "protocolReq": true,
            "reqNewWitnessTableEntry": true,
            "funcSelfKind": "NonMutating"
          },
          {
            "kind": "Function",
            "name": "load",
            "printedName": "load(from:)",
            "children": [
              {
                "kind": "TypeNominal",
                "name": "Bool",
                "printedName": "Swift.Bool",
                "usr": "s:Sb"
              },
              {
                "kind": "TypeNominal",
                "name": "String",
                "printedName": "Swift.String",
                "usr": "s:SS"
              }
            ],
            "declKind": "Func",
            "usr": "s:17XIBLoadable_macOS0A0PAASo6NSViewCRbzrlE4load4fromSbSS_tF",
            "mangledName": "$s17XIBLoadable_macOS0A0PAASo6NSViewCRbzrlE4load4fromSbSS_tF",
            "moduleName": "XIBLoadable_macOS",
            "genericSig": "<τ_0_0 where τ_0_0 : AppKit.NSView, τ_0_0 : XIBLoadable_macOS.XIBLoadable>",
            "sugared_genericSig": "<Self where Self : AppKit.NSView, Self : XIBLoadable_macOS.XIBLoadable>",
            "declAttributes": [
              "AccessControl",
              "DiscardableResult"
            ],
            "isFromExtension": true,
            "funcSelfKind": "NonMutating"
          },
          {
            "kind": "Function",
            "name": "add",
            "printedName": "add(to:)",
            "children": [
              {
                "kind": "TypeNominal",
                "name": "Void",
                "printedName": "()"
              },
              {
                "kind": "TypeNominal",
                "name": "NSView",
                "printedName": "AppKit.NSView",
                "usr": "c:objc(cs)NSView"
              }
            ],
            "declKind": "Func",
            "usr": "s:17XIBLoadable_macOS0A0PAASo6NSViewCRbzrlE3add2toyAE_tF",
            "mangledName": "$s17XIBLoadable_macOS0A0PAASo6NSViewCRbzrlE3add2toyAE_tF",
            "moduleName": "XIBLoadable_macOS",
            "genericSig": "<τ_0_0 where τ_0_0 : AppKit.NSView, τ_0_0 : XIBLoadable_macOS.XIBLoadable>",
            "sugared_genericSig": "<Self where Self : AppKit.NSView, Self : XIBLoadable_macOS.XIBLoadable>",
            "declAttributes": [
              "AccessControl"
            ],
            "isFromExtension": true,
            "funcSelfKind": "NonMutating"
          }
        ],
        "declKind": "Protocol",
        "usr": "s:17XIBLoadable_macOS0A0P",
        "mangledName": "$s17XIBLoadable_macOS0A0P",
        "moduleName": "XIBLoadable_macOS",
        "declAttributes": [
          "AccessControl"
        ],
        "conformances": [
          {
            "kind": "Conformance",
            "name": "Escapable",
            "printedName": "Escapable",
            "usr": "s:s9EscapableP",
            "mangledName": "$ss9EscapableP"
          },
          {
            "kind": "Conformance",
            "name": "Copyable",
            "printedName": "Copyable",
            "usr": "s:s8CopyableP",
            "mangledName": "$ss8CopyableP"
          }
        ]
      }
    ],
    "json_format_version": 8
  },
  "ConstValues": []
}