{
  "ABIRoot": {
    "kind": "Root",
    "name": "XIBLoadable_iOS",
    "printedName": "XIBLoadable_iOS",
    "children": [
      {
        "kind": "Import",
        "name": "UIKit",
        "printedName": "UIKit",
        "declKind": "Import",
        "moduleName": "XIBLoadable_iOS",
        "declAttributes": [
          "RawDocComment"
        ]
      },
      {
        "kind": "TypeDecl",
        "name": "XIBLoadable",
        "printedName": "XIBLoadable",
        "children": [
          {
            "kind": "Function",
            "name": "load",
            "printedName": "load(from:)",
            "children": [
              {
                "kind": "TypeNominal",
                "name": "Bool",
                "printedName": "Swift.Bool",
                "usr": "s:Sb"
              },
              {
                "kind": "TypeNominal",
                "name": "String",
                "printedName": "Swift.String",
                "usr": "s:SS"
              }
            ],
            "declKind": "Func",
            "usr": "s:15XIBLoadable_iOS0A0P4load4fromSbSS_tF",
            "mangledName": "$s15XIBLoadable_iOS0A0P4load4fromSbSS_tF",
            "moduleName": "XIBLoadable_iOS",
            "genericSig": "<τ_0_0 where τ_0_0 : XIBLoadable_iOS.XIBLoadable>",
            "sugared_genericSig": "<Self where Self : XIBLoadable_iOS.XIBLoadable>",
            "protocolReq": true,
            "reqNewWitnessTableEntry": true,
            "funcSelfKind": "NonMutating"
          },
          {
            "kind": "Function",
            "name": "add",
            "printedName": "add(to:)",
            "children": [
              {
                "kind": "TypeNominal",
                "name": "Void",
                "printedName": "()"
              },
              {
                "kind": "TypeNominal",
                "name": "UIView",
                "printedName": "UIKit.UIView",
                "usr": "c:objc(cs)UIView"
              }
            ],
            "declKind": "Func",
            "usr": "s:15XIBLoadable_iOS0A0P3add2toySo6UIViewC_tF",
            "mangledName": "$s15XIBLoadable_iOS0A0P3add2toySo6UIViewC_tF",
            "moduleName": "XIBLoadable_iOS",
            "genericSig": "<τ_0_0 where τ_0_0 : XIBLoadable_iOS.XIBLoadable>",
            "sugared_genericSig": "<Self where Self : XIBLoadable_iOS.XIBLoadable>",
            "protocolReq": true,
            "reqNewWitnessTableEntry": true,
            "funcSelfKind": "NonMutating"
          },
          {
            "kind": "Function",
            "name": "load",
            "printedName": "load(from:)",
            "children": [
              {
                "kind": "TypeNominal",
                "name": "Bool",
                "printedName": "Swift.Bool",
                "usr": "s:Sb"
              },
              {
                "kind": "TypeNominal",
                "name": "String",
                "printedName": "Swift.String",
                "usr": "s:SS"
              }
            ],
            "declKind": "Func",
            "usr": "s:15XIBLoadable_iOS0A0PAASo6UIViewCRbzrlE4load4fromSbSS_tF",
            "mangledName": "$s15XIBLoadable_iOS0A0PAASo6UIViewCRbzrlE4load4fromSbSS_tF",
            "moduleName": "XIBLoadable_iOS",
            "genericSig": "<τ_0_0 where τ_0_0 : UIKit.UIView, τ_0_0 : XIBLoadable_iOS.XIBLoadable>",
            "sugared_genericSig": "<Self where Self : UIKit.UIView, Self : XIBLoadable_iOS.XIBLoadable>",
            "declAttributes": [
              "AccessControl",
              "DiscardableResult"
            ],
            "isFromExtension": true,
            "funcSelfKind": "NonMutating"
          },
          {
            "kind": "Function",
            "name": "add",
            "printedName": "add(to:)",
            "children": [
              {
                "kind": "TypeNominal",
                "name": "Void",
                "printedName": "()"
              },
              {
                "kind": "TypeNominal",
                "name": "UIView",
                "printedName": "UIKit.UIView",
                "usr": "c:objc(cs)UIView"
              }
            ],
            "declKind": "Func",
            "usr": "s:15XIBLoadable_iOS0A0PAASo6UIViewCRbzrlE3add2toyAE_tF",
            "mangledName": "$s15XIBLoadable_iOS0A0PAASo6UIViewCRbzrlE3add2toyAE_tF",
            "moduleName": "XIBLoadable_iOS",
            "genericSig": "<τ_0_0 where τ_0_0 : UIKit.UIView, τ_0_0 : XIBLoadable_iOS.XIBLoadable>",
            "sugared_genericSig": "<Self where Self : UIKit.UIView, Self : XIBLoadable_iOS.XIBLoadable>",
            "declAttributes": [
              "AccessControl"
            ],
            "isFromExtension": true,
            "funcSelfKind": "NonMutating"
          }
        ],
        "declKind": "Protocol",
        "usr": "s:15XIBLoadable_iOS0A0P",
        "mangledName": "$s15XIBLoadable_iOS0A0P",
        "moduleName": "XIBLoadable_iOS",
        "declAttributes": [
          "AccessControl"
        ],
        "conformances": [
          {
            "kind": "Conformance",
            "name": "Escapable",
            "printedName": "Escapable",
            "usr": "s:s9EscapableP",
            "mangledName": "$ss9EscapableP"
          },
          {
            "kind": "Conformance",
            "name": "Copyable",
            "printedName": "Copyable",
            "usr": "s:s8CopyableP",
            "mangledName": "$ss8CopyableP"
          }
        ]
      }
    ],
    "json_format_version": 8
  },
  "ConstValues": []
}